{
  "cars": [
    {
      "id": 1,
      "logo": "images/maruthisuzuki_logo.png",
      "model_name": "Maruthi Suzuki",
      "model": "Maruthi Wagan R",
      "color": "Silver",
      "year_of_manufacture": 2019,
      "insurance_valid_upto": "2025-03-15",
      "kms": 25000,
      "location": "Chenna ",
      "number_of_owners": 1,
      "transmission": "Automatic",
      "external_fitments": ["Alloy Wheels", "Sunroof"],
      "photo": "https://example.com/car_photo1.jpg"
    },
    {
      "id": 2,
      "logo": "images/toyota_logo.png",
      "model_name": "Toyota",
      "model": "Toyota Camry",
      "color": "White",
      "year_of_manufacture": 2018,
      "insurance_valid_upto": "2025-05-20",
      "kms": 30000,
      "location": "Pune",
      "number_of_owners": 2,
      "transmission": "Automatic",
      "external_fitments": ["Spoiler", "Fog Lights"],
      "photo": "https://example.com/car_photo2.jpg"
    },
    {
      "id": 3,
      "logo": "images/tata_logo.png",
      "model_name": "TATA",
      "model": "Tata Nexon",
      "color": "Red",
      "year_of_manufacture": 2020,
      "insurance_valid_upto": "2025-04-10",
      "kms": 20000,
      "location": "Hyderbad",
      "number_of_owners": 1,
      "transmission": "Automatic",
      "external_fitments": ["Rear Camera", "LED Headlights"],
      "photo": "https://example.com/car_photo3.jpg"
    },
    {
      "id": 4,
      "logo": "images/renault_logo.png",
      "model_name": "Renault",
      "model": "Renault",
      "color": "Blue",
      "year_of_manufacture": 2019,
      "insurance_valid_upto": "2025-02-28",
      "kms": 35000,
      "location": "Bangalore",
      "number_of_owners": 2,
      "transmission": "Manual",
      "external_fitments": ["Hood Scoop", "Stripes"],
      "photo": "https://example.com/car_photo4.jpg"
    },
    {
      "id": 5,
      "logo": "images/honda_logo.png",
      "model_name": "Honda",
      "model": "Honda Amaze",
      "color": "Grey",
      "year_of_manufacture": 2023,
      "insurance_valid_upto": "2025-02-28",
      "kms": 35000,
      "location": "Chennai",
      "number_of_owners": 1,
      "transmission": "Manual",
      "external_fitments": ["Hood Scoop", "Stripes"],
      "photo": "https://example.com/car_photo4.jpg"
    },
    {
      "id": 6,
    "logo": "images/bmw_logo.png",
    "model_name": "BMW",
    "color": "Black",
      "year_of_manufacture": 2020,
      "insurance_valid_upto": "2026-05-30",
      "kms": 20000,
      "location": "Bangalore",
      "number_of_owners": 2,
      "transmission": "Manual",
      "external_fitments": ["Hood Scoop", "Stripes"],
      "photo": "https://example.com/car_photo4.jpg"
    },
    {
      "id": 7,
    "logo": "images/ford_logo.png",
    "model_name": "Ford",
    "color": "Red",
      "year_of_manufacture": 2023,
      "insurance_valid_upto": "2025-02-28",
      "kms": 45000,
      "location": "Hyderbad",
      "number_of_owners": 1,
      "transmission": "Manual",
      "external_fitments": ["Hood Scoop", "Stripes"],
      "photo": "https://example.com/car_photo4.jpg"
    },
    {
      "id": 8,
    "logo": "images/hyundai_logo.png",
    "model_name": "Hyundai",
    "color": "Grey",
      "year_of_manufacture": 2024,
      "insurance_valid_upto": "2026-02-25",
      "kms": 10500,
      "location": "Chennai",
      "number_of_owners": 1,
      "transmission": "Manual",
      "external_fitments": ["Hood Scoop", "Stripes"],
      "photo": "https://example.com/car_photo4.jpg"
    },
    {
      "id": 9,
    "logo": "images/mercedes-benz_logo.png",
    "model_name": "Mercedes-Benz",
    "color": "Grey",
      "year_of_manufacture": 2023,
      "insurance_valid_upto": "2025-02-28",
      "kms": 35000,
      "location": "Chennai",
      "number_of_owners": 1,
      "transmission": "Manual",
      "external_fitments": ["Hood Scoop", "Stripes"],
      "photo": "https://example.com/car_photo4.jpg"
    },
    {
      "id": 10,
    "logo": "images/volkswagen_logo.png",
    "model_name": "Volkswagen",
    "color": "Black",
      "year_of_manufacture": 2023,
      "insurance_valid_upto": "2024-05-15",
      "kms": 25000,
      "location": "Kerala",
      "number_of_owners": 1,
      "transmission": "Manual",
      "external_fitments": ["Hood Scoop", "Stripes"],
      "photo": "https://example.com/car_photo4.jpg"
    },
    {
      "id": 11,
    "logo": "images/mahindra_logo.png",
    "model_name": "Mahindra",
    "color": "Grey",
      "year_of_manufacture": 2023,
      "insurance_valid_upto": "2027-03-30",
      "kms": 55000,
      "location": "Chennai",
      "number_of_owners": 1,
      "transmission": "Manual",
      "external_fitments": ["Hood Scoop", "Stripes"],
      "photo": "https://example.com/car_photo4.jpg"
    }
  ]
}
